Source ,Kind,Value
public,IP,66.249.66.18
public,IP,66.249.66.18
public,IP,66.249.66.18
public,IP,95.181.173.227
public,IP,207.126.152.242
public,IP,72.14.196.50
public,IP,72.14.196.192
public,IP,72.14.196.2
public,IP,72.14.196.226
public,IP,46.161.27.151
public,IP,207.126.152.242
public,IP,185.219.221.136
public,IP,64.176.219.106
public,IP,5.78.115.67
public,IP,207.126.152.242
public,IP,46.8.16.77
public,IP,185.7.214.79
public,IP,185.220.100.240
public,IP,107.189.30.69
public,IP,5.183.130.92
public,IP,185.220.101.149
public,IP,188.130.218.39
public,IP,188.130.137.181
public,IP,46.8.10.134
public,IP,155.138.246.122
public,IP,80.239.207.200
public,IP,183.181.86.147
public,IP,34.149.120.3
public,IP,104.21.40.72
public,IP,34.250.161.149
public,IP,88.198.198.90
public,IP,151.101.130.159
public,IP,35.244.153.44
public,IP,35.212.86.55
public,IP,34.251.163.236
public,IP,34.160.81.203
public,IP,34.149.36.179
public,IP,104.21.26.145
public,IP,83.243.40.10
public,IP,35.227.194.51
public,IP,35.190.31.54
public,IP,34.120.190.48
public,IP,116.203.186.178
public,IP,34.160.17.71
